編號,執行機關,名稱,年度,計畫總金額,中央補助總額,地方自籌總額,計畫年度經費,中央年度補助款,地方年度自籌款,執行廠商
1,基隆市,運輸走廊壅塞改善計畫－北部濱海公路基金路段壅塞走廊ITS智慧運輸系統建置計畫,106,"11,400,000","8,000,000","3,400,000","11,400,000","8,000,000","3,400,000",中華電信股份有限公司數據通信分公司
2,臺北市,臺北市運輸走廊整合道路交通與電信資訊應用計畫,106,"4,014,362","2,000,000","2,014,362","4,014,362","2,000,000","2,014,362",鼎漢國際工程顧問股份有限公司
3,臺北市,臺北市市區公車駕車安全試辦計畫,106,"5,000,000","2,500,000","2,500,000","5,000,000","2,500,000","2,500,000",佳駿科技有限公司
4,臺北市,智慧路口安全警示系統建置計畫,106,"28,000,000","14,000,000","14,000,000","28,000,000","14,000,000","14,000,000",全徽道安科技股份有限公司
5,桃園市,無人車試驗計畫,106,"500,000","375,000","125,000","500,000","375,000","125,000",社團法人中華智慧運輸協會
6,桃園市,桃園市客運車輛安全系統建置計畫,106,"3,340,000","2,500,000","840,000","3,340,000","2,500,000","840,000",銓鼎科技股份有限公司
7,新竹市,大新竹(新竹縣、新竹市)運輸走廊整合道路交通與電信資訊應用計畫(含OD調查),106,"17,780,000","16,000,000","1,780,000","17,780,000","16,000,000","1,780,000",創新交通科技有限公司
8,新竹縣,新竹縣尖石鄉DRTS營運改善計畫,106,"2,875,000","2,500,000","375,000","2,875,000","2,500,000","375,000",全波科技股份有限公司、資策會
9,臺中市,國一暨台74匝道及平面聯絡道號誌協控計畫,106,"33,333,500","25,000,000","8,333,500","33,333,500","25,000,000","8,333,500",遠傳電信股份有限公司系統整合分公司
10,臺中市,智慧路口安全警示系統建置計畫,106,"2,670,000","2,000,000","670,000","2,670,000","2,000,000","670,000",全徽道安科技股份有限公司
11,彰化縣,106年度鹿港鎮動態停車資訊導引系統建置計畫,106,"2,300,000","2,000,000","300,000","2,300,000","2,000,000","300,000",鼎漢國際工程顧問股份有限公司
12,雲林縣,雲林縣智慧交通中心建置計畫,106,"3,334,000","3,000,000","334,000","3,334,000","3,000,000","334,000",台灣世曦工程顧問股份有限公司
13,嘉義縣,嘉義地區整合式交通控制系統建置計畫,106,"9,941,700","8,811,300","1,130,400","9,941,700","8,811,300","1,130,400",理太科技股份有限公司
14,臺南市,臺南市運輸走廊壅塞改善計畫,106,"12,500,000","7,000,000","5,500,000","12,500,000","7,000,000","5,500,000",康地科技顧問股份有限公司
15,臺南市,大臺南智慧交通中心建置計畫,106,"22,562,500","8,000,000","14,562,500","22,562,500","8,000,000","14,562,500",資拓宏宇國際股份有限公司(代表廠商)
16,高雄市,車路協同設計與實作-以輕軌一階段沿線及中山路易肇事路口為例,106,"10,500,000","9,000,000","1,500,000","10,500,000","9,000,000","1,500,000",鼎漢國際工程顧問股份有限公司
17,高雄市,都市偏鄉多元運具行動服務,106,"4,118,000","3,500,000","618,000","4,118,000","3,500,000","618,000",景翊科技股份有限公司
18,宜蘭縣,宜蘭縣智慧運輸系統發展計畫,106,"22,222,223","20,000,000","2,222,223","22,222,223","20,000,000","2,222,223",逢甲大學
19,嘉義市,嘉義地區整合式交通控制系統建置計畫,106,"5,822,020","4,188,700","1,633,320","5,822,020","4,188,700","1,633,320",理太科技股份有限公司
20,本部,車聯網技術應用於機車安全改善之研究與場域試驗計畫,106,"17,000,000","17,000,000",0,"17,000,000","17,000,000",0,台灣車聯網產業協會
21,本部,花東地區智慧交通輔導及研究發展計畫,106,"5,000,000","5,000,000",0,"5,000,000","5,000,000",0,鼎漢國際工程顧問股份有限公司
22,本部,臺北都會區及宜蘭縣交通行動服務建置及經營計畫(1/3),106,"20,000,000","20,000,000",0,"20,000,000","20,000,000",0,中華電信股份有限公司數據通信分公司
23,本部,「臺北都會區及宜蘭縣交通行動服務建置及經營計畫」之獨立驗證及確認委外服務案,106,"3,000,000","3,120,000",0,"3,000,000","3,120,000",0,迪悌資訊顧問股份有限公司
24,本部,前瞻智慧運輸發展與安全評量技術研究發展計畫(1/4),106,"4,400,000","4,400,000",0,"4,400,000","4,400,000",0,財團法人中華顧問工程司
25,本部,智慧車輛法規技術諮詢與管理計畫(1/4),106,"3,850,000","3,850,000",0,"3,850,000","3,850,000",0,財團法人車輛安全審驗中心
26,本部,106年度交通數據匯流平臺建置案,106,"5,000,000","4,900,000",0,"5,000,000","4,900,000",0,資拓宏宇國際股份有限公司
27,基隆市,北部濱海公路基金路段壅塞走廊ITS智慧運輸系統建置計畫,107,"16,200,000","12,800,000","3,400,000","11,340,000","8,960,000","2,380,000",中華電信股份有限公司數據通信分公司
28,基隆市,北部濱海公路基金路段壅塞走廊ITS智慧運輸系統建置計畫,108,"16,200,000","12,800,000","3,400,000","4,860,000","3,840,000","1,020,000",中華電信股份有限公司數據通信分公司
29,基隆市,基隆市DRTS營運改善計畫,107,"5,000,000","4,250,000","750,000","5,000,000","4,250,000","750,000",台灣車聯網產業協會
30,基隆市,首都生活圈觀光重點遊憩場域交通管理計畫,107,"15,465,000","13,008,000","2,457,000","15,465,000","13,008,000","2,457,000",鼎漢國際工程顧問股份有限公司
31,基隆市,基隆市自動駕駛車建置營運規劃計畫,107,"5,900,000","5,000,000","900,000","5,900,000","5,000,000","900,000",亞聯工程顧問股份有限公司
32,新北市,新北市運輸走廊整合道路交通與多元資訊應用計畫,107,"32,000,000","24,000,000","8,000,000","32,000,000","24,000,000","8,000,000",資拓宏宇國際股份有限公司
33,新北市,新北市市區公車行駛高(快)速道路駕車安全計畫,107,"24,000,000","10,000,000","14,000,000","2,000,000","1,500,000","500,000",銓鼎科技股份有限公司
34,新北市,新北市市區公車行駛高(快)速道路駕車安全計畫,108,"24,000,000","10,000,000","14,000,000","8,000,000","6,000,000","2,000,000",銓鼎科技股份有限公司
35,臺北市,臺北市手搖式智慧型站牌試辦計畫(107年),107,"2,500,000","1,250,000","1,250,000","2,500,000","1,250,000","1,250,000",亞旭電腦股份有限公司
36,臺北市,聯合運輸管理與輿情潛在交通事件預警計畫,107,"9,561,662","4,780,831","4,780,831","9,561,662","4,780,831","4,780,831",資拓宏宇國際股份有限公司
37,臺北市,臺北市智慧公車試辦計畫,107,"5,000,000","2,500,000","2,500,000","5,000,000","2,500,000","2,500,000",遠傳電信股份有限公司系統整合分公司
38,桃園市,桃園市客運車輛安全系統建置計畫,107,"5,340,000","4,000,000","1,340,000","1,068,000","800,000","268,000",銓鼎科技股份有限公司
39,桃園市,桃園市客運車輛安全系統建置計畫,108,"5,340,000","4,000,000","1,340,000","4,272,000","3,200,000","1,072,000",銓鼎科技股份有限公司
40,桃園市,無人車試驗計畫,107,"6,670,000","5,000,000","1,670,000","6,670,000","5,000,000","1,670,000",社團法人中華智慧運輸協會
41,桃園市,交通安全路口防護計畫,107,"26,670,000","20,000,000","6,670,000","26,670,000","20,000,000","6,670,000",中華電信股份有限公司臺灣北區電信分公司
42,新竹縣,新竹縣智慧道路安全警示系統建置計畫,107,"9,412,000","8,000,000","1,412,000","9,412,000","8,000,000","1,412,000",建程科技股份有限公司
43,新竹縣,新竹縣尖石鄉公共運輸改善計畫,107,"6,200,000","5,270,000","930,000","6,200,000","5,270,000","930,000",精繪科技有限公司
44,新竹市,大新竹運輸走?整合道?交通與電信資訊應用計畫,107,"26,670,000","24,000,000","2,670,000","26,670,000","24,000,000","2,670,000",創新交通科技有限公司
45,臺中市,智慧路口安全警示系統建置計畫,107,"4,270,000","3,200,000","1,070,000","4,270,000","3,200,000","1,070,000",全徽道安科技有限公司
46,臺中市,國一暨台 74 匝道及平面聯絡道號誌協控計畫,107,"53,334,000","40,000,000","13,334,000","37,437,000","28,077,400","9,359,600",遠傳電信股份有限公司系統整合分公司
47,臺中市,國一暨台 74 匝道及平面聯絡道號誌協控計畫,108,"53,334,000","40,000,000","13,334,000","15,897,000","11,922,600","3,974,400",遠傳電信股份有限公司系統整合分公司
48,臺中市,水湳智慧城自駕車試運行計畫,107,"7,000,000","5,250,000","1,265,000","4,240,000","3,675,000","565,000",豐榮汽車客運股份有限公司
49,臺中市,水湳智慧城自駕車試運行計畫,108,"7,000,000","5,250,000","1,265,000","2,760,000","1,575,000","700,000",豐榮汽車客運股份有限公司
50,臺中市,水湳智慧城智慧運輸計畫,107,"4,000,000","3,000,000","1,000,000","888,000","688,000","200,000",逢甲大學
51,臺中市,水湳智慧城智慧運輸計畫,108,"4,000,000","3,000,000","1,000,000","3,112,000","2,312,000","800,000",逢甲大學
52,臺中市,主要幹道智慧化動態續進號誌計畫,107,"19,136,000","14,352,000","4,784,000","4,000,000","3,000,000","1,000,000",鼎漢國際工程顧問股份有限公司
53,臺中市,主要幹道智慧化動態續進號誌計畫,108,"19,136,000","14,352,000","4,784,000","12,298,000","9,223,500","3,074,500",鼎漢國際工程顧問股份有限公司
54,臺中市,主要幹道智慧化動態續進號誌計畫,109,"19,136,000","14,352,000","4,784,000","2,838,000","2,128,500","709,500",鼎漢國際工程顧問股份有限公司
55,南投縣,南投縣106-107年度溪頭運輸走廊壅塞改善計畫,107,"5,560,000","5,000,000","560,000","5,560,000","5,000,000","560,000",車流科技有限公司
56,彰化縣,鹿港鎮動態停車資訊導引系統建置案,107,"16,700,000","15,000,000","1,700,000","16,700,000","15,000,000","1,700,000",遠傳電信股份有限公司系統整合分公司
57,雲林縣,雲林縣智慧交通中心建置計畫,108,"16,007,000","15,000,000","1,667,000","11,340,000","11,340,000",0,逢甲大學
58,雲林縣,雲林縣智慧交通中心建置計畫,107,"16,007,000","15,000,000","1,667,000","4,667,000","3,660,000","1,667,000",逢甲大學
59,嘉義縣,107年度嘉義地區整合式交通控制系統建置計畫(嘉義縣),107,"13,012,000","11,698,000","1,314,000","13,012,000","11,698,000","1,314,000",中華電信股份有限公司數據通信分公司
60,嘉義市,107年度嘉義地區整合式交通控制系統建置計畫(嘉義市),107,"10,846,688","9,102,000","1,744,688","10,846,688","9,102,000","1,744,688",中華電信股份有限公司數據通信分公司
61,臺南市,臺南市運輸走廊壅塞改善計畫,107,"16,700,000","11,200,000","5,500,000","16,700,000","11,200,000","5,500,000",康地科技顧問股份有限公司
62,臺南市,大臺南智慧交通中心建置計畫,107,"53,437,500","11,400,000","42,037,500","53,437,500","11,400,000","42,037,500",資拓宏宇國際股份有限公司(代表廠商)
63,高雄市,都市偏鄉多元運具行動服務,107,"4,706,000","4,000,000","706,000","4,706,000","4,000,000","706,000",景翊科技股份有限公司
64,高雄市,車路協同設計與實作-以輕軌一階段沿線路口為例,107,"14,118,000","12,000,000","2,118,000","7,059,000","6,000,000","1,059,000",鼎漢國際工程顧問股份有限公司
65,高雄市,車路協同設計與實作-以輕軌一階段沿線路口為例,108,"14,118,000","12,000,000","2,118,000","7,059,000","6,000,000","1,059,000",鼎漢國際工程顧問股份有限公司
66,高雄市,高雄市自動駕駛電動巴士系統試運行計畫,107,"9,412,000","8,000,000","1,412,000","9,412,000","8,000,000","1,412,000",鼎漢國際工程顧問股份有限公司
67,屏東縣,台 1 線幹道運輸走廊壅塞改善計畫,106,"27,380,000","26,000,000","1,380,000","10,530,000","10,000,000","530,000",台灣世曦工程顧問股份有限公司
68,屏東縣,台 1 線幹道運輸走廊壅塞改善計畫,107,"27,380,000","26,000,000","1,380,000","16,850,000","16,000,000","850,000",台灣世曦工程顧問股份有限公司
69,屏東縣,「屏東縣道路資訊管理平台」系統升級暨圖台改版計畫,107,"56,637,000","53,805,150","2,831,850","56,637,000","53,805,150","2,831,850",坤眾科技股份有限公司
70,宜蘭縣,宜蘭地區交通控制系統建置計畫,107,"35,555,556","32,000,000","3,555,556","24,888,889","22,400,000","2,488,889",全徽道安科技股份有限公司
71,宜蘭縣,宜蘭地區交通控制系統建置計畫,108,"35,555,556","32,000,000","3,555,556","10,666,667","9,600,000","1,066,667",全徽道安科技股份有限公司
72,花蓮縣,花蓮縣先進交通管理系統整體規劃暨號誌清查與時制重整計畫,107,"5,264,000","5,000,000","264,000","5,264,000","5,000,000","264,000",輿智資通科技股份有限公司
73,臺東縣,臺東縣先進交通管理系統整體規劃與多元交通數據蒐集計畫,107,"5,270,000","5,000,000","270,000","5,270,000","5,000,000","270,000",鼎漢國際工程顧問股份有限公司
74,屏東縣,台灣燈會交通管理系統暨手機應用程式擴充計畫,107,"9,550,000","9,072,500","477,500","6,688,731","6,354,294","334,437",台灣世曦工程顧問股份有限公司
75,屏東縣,台灣燈會交通管理系統暨手機應用程式擴充計畫,108,"9,550,000","9,072,500","477,500","2,861,269","2,718,206","143,063",台灣世曦工程顧問股份有限公司
76,基隆市,智慧基隆交通AIOT戰情室系統計畫,107,"3,530,000","3,000,000","530,000","3,530,000","3,000,000","530,000",台灣車聯網產業協會
77,臺北市,臺北市107年智慧型站牌建置計畫,107,"33,401,162","11,100,000","22,301,162","33,401,162","11,100,000","22,301,162",亞旭電腦股份有限公司
78,基隆市,首都生活圈觀光重點遊憩場域交通管理計畫,108,"16,408,000","13,008,000","3,400,000","3,281,600","2,601,600","680,000",鼎漢
79,基隆市,首都生活圈觀光重點遊憩場域交通管理計畫,109,"16,408,000","13,008,000","3,400,000","13,126,400","10,406,400","2,720,000",鼎漢
80,臺北市,聯合運輸管理與輿情潛在交通事件預警計畫,107,"17,500,000","9,296,149","8,203,851","9,296,149","4,648,074","4,648,075",資拓宏宇國際股份有限公司
81,臺北市,聯合運輸管理與輿情潛在交通事件預警計畫,108,"17,500,000","9,296,149","8,203,851","8,203,851","3,129,714","5,074,137",資拓宏宇國際股份有限公司
82,屏東縣,「屏東縣道路資訊管理平台」系統升級暨圖台改版計畫,108,"7,049,000","4,000,000","3,049,000","7,049,000","4,000,000","3,049,000",坤眾科技股份有限公司
83,臺北市,臺北市重點區域導入智慧化動態號誌控制策略計畫,108,"41,696,000","20,848,000","20,848,000","41,696,000","20,848,000","20,848,000",景翊科技股份有限公司
84,臺北市,臺北市太陽能智慧型站牌試辦計畫(108年),108,"2,500,000","1,250,000","1,250,000","2,500,000","1,250,000","1,250,000",亞旭電腦股份有限公司
85,臺北市,利用物聯網科技與智慧手機協助視障者搭乘公車智慧交通安全試辦計畫,108,"6,200,000","3,000,000","3,200,000","6,200,000","3,000,000","3,200,000",資拓宏宇國際股份有限公司
86,臺北市,臺北市運輸走廊整合道路交通與電信資訊應用暨主次要幹道行駛時間分析系統建置計畫,108,"20,650,000","10,000,000","10,650,000","20,650,000","10,000,000","10,650,000",遠傳、鼎漢
87,新北市,新北市運輸走廊整合道路交通與多元資訊應用計畫,108,"20,000,000","15,000,000","5,000,000",0,"4,500,000",0,資拓宏宇國際股份有限公司
88,新北市,新北市運輸走廊整合道路交通與多元資訊應用計畫,109,"20,000,000","15,000,000","5,000,000","20,000,000","15,000,000","5,000,000",資拓宏宇國際股份有限公司
89,桃園市,桃園市新式節能站牌建置計畫,108,"10,000,000","7,500,000","2,500,000","10,000,000","7,500,000","2,500,000",遠傳電信股份有限公司系統整合分公司
90,桃園市,108年度智慧交通安全路口防護試辦計畫,108,"25,000,000","16,000,000","9,000,000","20,000,000","12,800,000","7,200,000",中華電信股份有限公司臺灣北區電信分公司
91,桃園市,108年度智慧交通安全路口防護試辦計畫,109,"25,000,000","16,000,000","9,000,000","5,000,000","3,200,000","1,800,000",中華電信股份有限公司臺灣北區電信分公司
92,桃園市,智慧交通控制技術結合大數據應用於大溪地區交通疏導提升計畫,108,"17,400,000","13,000,000","4,400,000","12,180,000","9,100,000","3,080,000",資拓宏宇國際股份有限公司
93,桃園市,智慧交通控制技術結合大數據應用於大溪地區交通疏導提升計畫,109,"17,400,000","13,000,000","4,400,000","5,220,000","3,900,000","1,320,000",資拓宏宇國際股份有限公司
94,新竹縣,大新竹運輸走廊整合道路交通資訊與壅塞改善服務計畫,108,"26,670,000","24,000,000","2,670,000","5,334,000","4,800,000","534,000",創新交通科技有限公司
95,新竹縣,大新竹運輸走廊整合道路交通資訊與壅塞改善服務計畫,109,"26,670,000","24,000,000","2,670,000","21,336,000","19,200,000","2,136,000",創新交通科技有限公司
96,臺中市,臺中智慧公車聯網第二期計畫,108,"1,742,900","1,307,175","435,725","174,290","130,718","43,572",銓鼎科技股份有限公司
97,臺中市,臺中智慧公車聯網第二期計畫,109,"1,742,900","1,307,175","435,725","1,568,610","1,176,457","392,153",銓鼎科技股份有限公司
98,臺中市,水湳智慧城自駕巴士虛實場域整合運行計畫,108,"15,600,000","10,000,000","5,600,000","3,120,000","2,000,000","1,120,000",鼎漢國際工程顧問股份有限公司
99,臺中市,水湳智慧城自駕巴士虛實場域整合運行計畫,109,"15,600,000","10,000,000","5,600,000","12,480,000","8,000,000","4,480,000",鼎漢國際工程顧問股份有限公司
100,彰化縣,彰化縣智慧交通管理規劃與交控系統建置,108,"16,670,000","15,000,000","1,670,000","3,334,000","3,000,000","334,000",逢甲大學
101,彰化縣,彰化縣智慧交通管理規劃與交控系統建置,109,"16,670,000","15,000,000","1,670,000","13,336,000","12,000,000","1,336,000",逢甲大學
102,嘉義縣,嘉義縣山區智慧安全警示系統建置計畫,108,"8,000,000","7,000,000","1,000,000","8,000,000","7,000,000","1,000,000",輿智資通科技股份有限公司
103,嘉義市,嘉義市智慧交通全方位資訊提供平台,108,"9,411,765","8,000,000","1,811,765","6,588,236","5,600,000","988,236",揚立科技有限公司
104,嘉義市,嘉義市智慧交通全方位資訊提供平台,109,"9,411,765","8,000,000","1,811,765","2,823,529","2,400,000","823,529",揚立科技有限公司
105,臺南市,公共交通可靠度提升計畫-30座太陽能智慧站牌,108,"4,800,000","4,000,000","800,000","2,400,000","2,000,000","400,000",亞旭電腦股份有限公司
106,臺南市,公共交通可靠度提升計畫-30座太陽能智慧站牌,109,"4,800,000","4,000,000","800,000","2,400,000","2,000,000","400,000",亞旭電腦股份有限公司
107,臺南市,108~109 年臺南市運輸走廊壅塞改善計畫,108,"17,500,000","12,000,000","5,500,000","12,250,000","8,400,000","3,850,000",資拓宏宇國際股份有限公司
108,臺南市,108~109 年臺南市運輸走廊壅塞改善計畫,109,"17,500,000","12,000,000","5,500,000","5,250,000","3,600,000","1,650,000",資拓宏宇國際股份有限公司
109,高雄市,新一代智慧運輸系統規劃設計建置計畫,108,"1,660,000","1,411,000","249,000","1,660,000","1,411,000","249,000",鼎漢國際工程顧問股份有限公司
110,屏東縣,台1線周邊路網幹道運輸走廊壅塞改善計畫,108,"15,789,474","15,000,000","789,474","15,789,474","15,000,000","789,474",台灣世曦工程顧問股份有限公司
111,宜蘭縣,宜蘭縣智慧運輸系統服務躍升計畫,108,"48,444,446","43,600,000","4,844,446","22,222,223","20,000,000","2,222,223",台灣世曦工程顧問股份有限公司
112,花蓮縣,因應蘇花改通車花蓮智慧交通整合管理系統建置計畫,108,"15,790,000","15,000,000","790,000","15,790,000","15,000,000","790,000",中華電信股份有限公司臺灣北區電信分公司
113,臺東縣,臺東縣智慧交通基礎建設與應用計畫,108,"15,790,000","15,000,000","790,000","15,790,000","15,000,000","790,000",水靈科技股份有限公司
114,桃園市,桃園市政府自駕巴士服務驗證計畫,108,"15,700,000","11,775,000","3,925,000","5,500,000","4,125,000","1,375,000",台灣智慧駕駛股份有限公司
115,桃園市,桃園市政府自駕巴士服務驗證計畫,109,"15,700,000","11,775,000","3,925,000","10,200,000","7,650,000","2,550,000",台灣智慧駕駛股份有限公司
116,新北市,新北市烏來區北107-1線4處彎道設置感應式號誌計畫,108,"5,000,000","3,750,000","1,250,000","5,000,000","3,750,000","1,250,000",中華電信股份有限公司臺灣北區分公司
117,新北市,新北市通學巷弄改善計畫,108,"3,667,000","2,750,000","917,000","3,667,000","2,750,000","917,000",中華電信股份有限公司臺灣北區電信分公司
118,新北市,新北市智慧運輸中心發展建設計畫,108,"2,000,000","1,500,000","500,000","400,000","300,000","100,000",宇曦國際交通顧問股份有限公司
119,新北市,新北市智慧運輸中心發展建設計畫,109,"2,000,000","1,500,000","500,000","1,600,000","1,200,000","400,000",宇曦國際交通顧問股份有限公司
120,臺北市,108年智慧運輸系統發展建設計畫,108,"1,000,000","500,000","500,000","1,000,000","500,000","500,000",季鈞管理顧問股份有限公司
121,新北市,新北市運輸走廊整合道路交通與多元資訊應用計畫,109,"13,500,000","10,000,000","3,500,000","13,500,000","10,000,000","3,500,000",資拓宏宇股份有限公司
122,臺北市,臺北市重點區域導入智慧動態號誌控制策略計畫,109,"40,000,000","20,000,000","20,000,000","40,000,000","20,000,000","20,000,000",資拓宏宇國際股份有限公司
123,臺北市,109-110年度聯合運輸管理擴充計畫,109,"20,000,000","10,000,000","10,000,000","10,000,000","5,000,000","5,000,000",資拓宏宇國際股份有限公司
124,臺北市,109-110年度聯合運輸管理擴充計畫,110,"20,000,000","10,000,000","10,000,000","10,000,000","5,000,000","5,000,000",資拓宏宇國際股份有限公司
125,臺北市,109年度協助視障人士搭乘公車試辦計畫,109,"6,000,000","3,000,000","3,000,000","6,000,000","3,000,000","3,000,000",資拓宏宇國際股份有限公司
126,臺北市,109年度臺北市運輸走廊整合道路交通與電信資訊應用計畫,109,"13,300,000","6,650,000","6,650,000","13,300,000","6,650,000","6,650,000",遠傳電信股份有限公司系統整合分公司
127,臺北市,臺北市主次要幹道行駛時間分析系統應用計畫,109,"8,000,000","4,000,000","4,000,000","8,000,000","4,000,000","4,000,000",鼎漢國際工程顧問股份有限公司
128,臺中市,中彰投聯合交通協控計畫,109,"4,000,000","3,000,000","1,000,000","4,000,000","3,000,000","1,000,000",道勤工程顧問有限公司
129,臺中市,中彰投聯合交通協控計畫,110,"4,000,000","3,000,000","1,000,000","4,000,000","3,000,000","1,000,000",道勤工程顧問有限公司
130,臺中市,主要幹道智慧化動態續進號誌計畫,109,"12,000,000","9,000,000","3,000,000","12,000,000","9,000,000","3,000,000",台灣世曦工程顧問股份有限公司
131,臺南市,公共交通可靠度提升計畫-50座太陽能智慧站牌,109,"10,000,000","8,500,000","1,500,000","10,000,000","8,500,000","1,500,000",亞旭電腦股份有限公司
132,臺南市,109年臺南市整合型公車優先號誌計畫,109,"14,000,000","11,900,000","2,100,000","14,000,000","11,900,000","2,100,000",中華電信股份有限公司數據通信分公司
133,高雄市,高雄市用路人危險行為監控與語音警示系統試辦計畫,109,"11,765,000","10,000,000","1,765,000","11,765,000","10,000,000","1,765,000",中華電信股份有限公司數據通信分公司
134,高雄市,高雄市智慧公車-行動支付暨資訊即時顯示試辦計畫,109,"26,195,000","20,000,000","6,195,000","26,195,000","20,000,000","6,195,000",宏碁智通股份有限公司
135,基隆市,基隆交通AIoT戰情室系統建置計畫（109-110年）,109,"11,765,000","10,000,000","1,765,000","11,765,000","10,000,000","1,765,000",資拓宏宇國際股份有限公司
136,桃園市,桃園市交通控制系統整合與擴充,109,"10,600,000","7,950,000","2,650,000","10,600,000","7,950,000","2,650,000",資拓宏宇股份有限公司
137,新竹縣,109年度新竹縣智慧交通安全警示系統建置計畫,109,"8,823,530","7,500,000","1,323,530","8,823,530","7,500,000","1,323,530",創新交通科技有限公司
138,新竹市,大新竹聯外路廊智慧交通改善與資訊整合計畫,109,"23,529,412","20,000,000","3,529,412","23,529,412","20,000,000","3,529,412",中華電信股份有限公司台灣北區電信分公司
139,苗栗縣,苗栗縣觀光走廊智慧交通管理系統建置計畫,109,0,"10,000,000",0,0,"10,000,000",0,中華電信股份有限公司台灣北區電信分公司
140,彰化縣,鹿港鎮智慧號誌與智慧站牌建置改善計畫,109,"11,350,000","10,000,000","1,350,000","11,350,000","7,000,000","945,000",中華電信股份有限公司台灣南區電信分公司
141,彰化縣,鹿港鎮智慧號誌與智慧站牌建置改善計畫,110,"11,350,000","10,000,000","1,350,000",0,"3,000,000","405,000",中華電信股份有限公司台灣南區電信分公司
142,嘉義市,109年嘉義市整體路況資訊與路網壅塞改善計畫,109,"17,700,000","15,000,000","2,700,000","3,540,000","3,000,000","540,000",中華電信股份有限公司數據通信分公司
143,嘉義市,109年嘉義市整體路況資訊與路網壅塞改善計畫,110,"17,700,000","15,000,000","2,700,000","14,160,000","12,000,000","2,160,000",中華電信股份有限公司數據通信分公司
144,新北市,新北市自動駕駛電動巴士系統測試運行計畫,108,"50,000,000","37,500,000","12,500,000","10,000,000","7,500,000","2,500,000",中華電信股份有限公司數據通信分公司
145,新北市,新北市自動駕駛電動巴士系統測試運行計畫,109,"50,000,000","37,500,000","12,500,000","40,000,000","30,000,000","10,000,000",中華電信股份有限公司數據通信分公司
146,新竹縣,新竹縣尖石鄉幸福巴士營運改善計畫,108,"9,176,471","7,800,000","1,376,471","9,176,471","7,800,000","1,376,471",精繪科技有限公司
147,屏東縣,臺1線周邊路網幹道運輸走廊壅塞改善計畫,109,"15,789,474","15,000,000","789,474","15,789,474","15,000,000","789,474",台灣世曦工程顧問股份有限公司
148,屏東縣,屏東縣ITS整體運輸服務(運輸資訊平台)整合計畫,110,"49,900,000","44,910,000","4,990,000","21,430,000","19,287,000","2,143,000",台灣世曦工程顧問股份有限公司
149,屏東縣,屏東縣ITS整體運輸服務(運輸資訊平台)整合計畫,111,"49,900,000","44,910,000","4,990,000","28,470,000","25,623,000","2,847,000",台灣世曦工程顧問股份有限公司
150,花蓮縣,花蓮縣智慧交通管理系統擴充計畫,109,"26,315,790","25,000,000","1,315,790","26,315,790","25,000,000","1,315,790",中華電信股份有限公司臺灣北區電信分公司
151,臺東縣,臺東縣智慧交通基礎建設與應用計畫(第二期),109,"26,316,000","25,000,000","1,316,000","26,316,000","25,000,000","1,316,000",水靈科技股份有限公司
152,金門縣,金門公車預約叫車APP開發計畫,109,"1,000,000","850,000","150,000","1,000,000","850,000","150,000",亞旭電腦股份有限公司
153,本部,淡海新市鎮智慧交通場域試驗研究計畫,108,"69,000,000","69,000,000",0,"13,000,000","13,000,000",0,華電聯網股份有限公司
154,本部,淡海新市鎮智慧交通場域試驗研究計畫,109,"69,000,000","69,000,000",0,"35,000,000","35,000,000",0,華電聯網股份有限公司
155,本部,淡海新市鎮智慧交通場域試驗研究計畫,110,"69,000,000","69,000,000",0,"21,000,000","21,000,000",0,華電聯網股份有限公司
156,本部,智慧運輸科技產業創新政策研究計畫,108,"9,200,000","9,200,000",0,"2,760,000","2,760,000",0,財團法人商業發展研究院
157,本部,智慧運輸科技產業創新政策研究計畫,109,"9,200,000","9,200,000",0,"6,440,000","6,440,000",0,財團法人商業發展研究院
158,本部,UMAJI-遊買集交通行動服務經營計畫,108,"69,000,000","69,000,000",0,"13,800,000","13,800,000",0,美商美創資通股份有限公司台灣分公司
159,本部,UMAJI-遊買集交通行動服務經營計畫,109,"69,000,000","69,000,000",0,"20,700,000","20,700,000",0,美商美創資通股份有限公司台灣分公司
160,本部,UMAJI-遊買集交通行動服務經營計畫,110,"69,000,000","69,000,000",0,"34,500,000","34,500,000",0,美商美創資通股份有限公司台灣分公司
161,本部,建立公共運輸虛擬票證標準計畫,108,"8,400,000","8,400,000",0,"2,520,000","2,520,000",0,中華電信股份有限公司數據通訊分公司
162,本部,建立公共運輸虛擬票證標準計畫,109,"8,400,000","8,400,000",0,"5,880,000","5,880,000",0,中華電信股份有限公司數據通訊分公司
163,本部,108年度智慧運輸計畫行銷宣導委託案,108,"4,950,000","4,950,000",0,"1,485,000","1,485,000",0,天下雜誌股份有限公司
164,本部,108年度智慧運輸計畫行銷宣導委託案,109,"4,950,000","4,950,000",0,"3,465,000","3,465,000",0,天下雜誌股份有限公司
165,本部,聯網智慧機車安全暨共享場域試驗研究計畫,108,"49,450,000","49,450,000",0,"12,362,500","12,362,500",0,台灣車聯網產業協會
166,本部,聯網智慧機車安全暨共享場域試驗研究計畫,109,"49,450,000","49,450,000",0,"32,142,500","32,142,500",0,台灣車聯網產業協會
167,本部,聯網智慧機車安全暨共享場域試驗研究計畫,110,"49,450,000","49,450,000",0,"4,945,000","4,945,000",0,台灣車聯網產業協會
168,本部,新興智慧交通科技產業發展研究計畫(2/2),108,"8,900,000","8,900,000",0,"2,225,000","2,225,000",0,財團法人資訊工業策進會
169,本部,新興智慧交通科技產業發展研究計畫(2/2),109,"8,900,000","8,900,000",0,"6,675,000","6,675,000",0,財團法人資訊工業策進會
170,臺北市,臺北市感應性號誌設置計畫,109,"25,000,000","10,000,000","15,000,000","25,000,000","10,000,000","15,000,000",資拓宏宇股份有限公司
171,臺北市,貓空纜車交通資訊整合計畫,109,"12,000,000","6,000,000","6,000,000","12,000,000","6,000,000","6,000,000",神通資訊科技股份有限公司
172,桃園市,109年桃園市自駕巴士開放場域服務驗證計畫,109,"13,333,000","9,999,750","3,333,250","7,999,800","5,999,850","1,999,950",台灣智慧駕駛股份有限公司
173,桃園市,109年桃園市自駕巴士開放場域服務驗證計畫,110,"13,333,000","9,999,750","3,333,250","5,333,200","3,999,900","1,333,300",台灣智慧駕駛股份有限公司
174,桃園市,桃園高鐵聯絡道暨周邊路網AI號誌控制示範計畫,109,"13,333,000","9,999,750","3,333,250","13,333,000","9,999,750","3,333,250",義碩智能股份有限公司
175,桃園市,大型車多感知融合盲區內輪差主動警示系統,109,"6,600,000","4,950,000","1,650,000","6,600,000","4,950,000","1,650,000",奇美車電股份有限公司
176,新竹縣,新竹縣尖石鄉後山地區智慧交通便捷經營計畫,109,"4,312,635","4,097,000","215,635","4,312,635","4,097,000","215,635",鼎漢國際工程顧問股份有限公司
177,新竹縣,新竹縣尖石鄉後山地區智慧交通便捷經營計畫,110,"4,312,635","4,097,000","215,635","4,312,635","4,097,000","215,635",鼎漢國際工程顧問股份有限公司
178,新竹縣,新竹縣尖石鄉後山地區智慧交通便捷經營計畫,111,"4,312,635","4,097,000","215,635","4,312,635","4,097,000","215,635",鼎漢國際工程顧問股份有限公司
179,嘉義縣,109 年度嘉義縣山區智慧安全警示系統建置計畫,109,0,"4,158,000",0,0,"4,158,000",0,輿智資通科技股份有限公司
180,臺南市,臺南市自動駕駛公車智慧基礎設施建置計畫,110,"23,600,000","20,000,000","3,600,000","16,520,000","14,000,000","2,520,000",台灣佳光電訊股份有限公司
181,臺南市,臺南市自動駕駛公車智慧基礎設施建置計畫,111,"23,600,000","20,000,000","3,600,000","7,080,000","6,000,000","1,080,000",台灣佳光電訊股份有限公司
182,高雄市,緊急車輛優先通行號誌及路口防碰撞系統試辦計畫,109,"14,118,000","11,559,711","2,558,289","4,235,400","3,467,913","767,487",水靈科技股份有限公司
183,高雄市,緊急車輛優先通行號誌及路口防碰撞系統試辦計畫,110,"14,118,000","11,559,711","2,558,289","9,882,600","8,091,798","1,790,802",水靈科技股份有限公司
184,宜蘭縣,宜蘭縣智慧運輸系統服務躍升計畫,109,"48,444,446","43,600,000","4,844,446","26,222,223","23,600,000","2,622,223",台灣世曦工程顧問股份有限公司
185,宜蘭縣,109年宜蘭縣智慧運輸系統服務躍升計畫,109,"22,222,223","20,000,000","2,222,223","4,444,445","4,000,000","444,445",台灣世曦工程顧問股份有限公司
186,宜蘭縣,109年宜蘭縣智慧運輸系統服務躍升計畫,110,"22,222,223","20,000,000","2,222,223","17,777,778","16,000,000","1,777,778",台灣世曦工程顧問股份有限公司
187,花蓮縣,花蓮縣智慧停車及導引系統建置計畫,109,"15,000,000","15,000,000","2,546,950","15,000,000","15,000,000","2,546,950",中華電信股份有限公司臺灣北區電信分公司
188,桃園市,桃園市車聯網科技應用發展計畫,109,"17,337,000","13,000,000","4,337,000","10,402,200","7,800,000","2,602,200",勤崴科技國際股份有限公司
189,桃園市,桃園市車聯網科技應用發展計畫,110,"17,337,000","13,000,000","4,337,000","6,934,800","5,200,000","1,734,800",勤崴科技國際股份有限公司
190,臺南市,108~109 年臺南市運輸走廊壅塞改善計畫,109,"19,850,000","14,350,000","5,500,000","5,955,000","4,305,000","1,650,000",資拓宏宇國際股份有限公司
191,臺南市,108~109 年臺南市運輸走廊壅塞改善計畫,110,"19,850,000","14,350,000","5,500,000","13,895,000","10,045,000","3,850,000",資拓宏宇國際股份有限公司
192,雲林縣,雲林縣智慧交通控制軟硬體設備擴充計畫,109,"16,670,000","15,000,000","1,670,000","16,670,000","15,000,000","1,670,000",逢甲大學
193,基隆市,基隆市啟動高齡者交通事故防制精進實驗計畫,110,"8,890,000","8,000,000","890,000","7,112,000","6,400,000","712,000",資拓宏宇股份有限公司
194,基隆市,基隆市啟動高齡者交通事故防制精進實驗計畫,111,"8,890,000","8,000,000","890,000","1,778,000","1,600,000","178,000",資拓宏宇股份有限公司
195,基隆市,110年度基隆智慧公車聯網建置計畫,110,"31,111,113","28,000,000","3,111,113","21,777,779","19,600,000","2,177,779",中華電信股份有限公司臺灣北區電信分公司
196,基隆市,110年度基隆智慧公車聯網建置計畫,111,"31,111,113","28,000,000","3,111,113","9,333,334","8,400,000","933,334",中華電信股份有限公司臺灣北區電信分公司
197,臺北市,110 年協助視障人士搭公車計畫,110,"8,200,000","2,946,108","5,253,892","6,560,000","2,356,887","4,203,113",資拓宏宇股份有限公司
198,臺北市,110 年協助視障人士搭公車計畫,111,"8,200,000","2,946,108","5,253,892","1,640,000","589,221","1,050,779",資拓宏宇股份有限公司
199,臺北市,臺北市北區導入智慧動態號誌控制策略計畫,110,"20,000,000","10,000,000","10,000,000","20,000,000","10,000,000","10,000,000",台灣世曦工程顧問股份有限公司
200,臺北市,臺北市感應性號誌設置計畫,110,"24,000,000","10,000,000","14,000,000","24,000,000","10,000,000","14,000,000",資拓宏宇股份有限公司
201,新北市,新北市運輸走廊整合道路交通與多元資訊應用計畫(第4期),110,"20,000,000","15,000,000","4,000,000","13,333,333","10,000,000","3,333,333",資拓宏宇股份有限公司
202,新北市,新北市運輸走廊整合道路交通與多元資訊應用計畫(第4期),111,"20,000,000","15,000,000","4,000,000","6,666,667","5,000,000","666,667",資拓宏宇股份有限公司
203,新北市,新北市淡海智駕電動巴士環線多車服務測試運行計畫,110,"17,500,000","13,125,000","4,375,000","5,250,000","3,937,500","1,312,500",台灣世曦工程顧問股份有限公司
204,新北市,新北市淡海智駕電動巴士環線多車服務測試運行計畫,111,"17,500,000","13,125,000","4,375,000","6,650,000","4,987,500","1,662,500",台灣世曦工程顧問股份有限公司
205,新北市,新北市淡海智駕電動巴士環線多車服務測試運行計畫,112,"17,500,000","13,125,000","4,375,000","5,600,000","4,200,000","1,400,000",台灣世曦工程顧問股份有限公司
206,桃園市,桃園市交通事故分析平台計畫,110,"11,675,000","6,675,000","5,000,000","3,502,500","2,002,500","1,500,000",台灣世曦工程顧問股份有限公司
207,桃園市,桃園市交通事故分析平台計畫,111,"11,675,000","6,675,000","5,000,000","8,172,500","4,672,500","3,500,000",台灣世曦工程顧問股份有限公司
208,桃園市,桃園市復興區幸福巴士彈性(站點)班次公車動態資訊服務計畫,110,"6,577,454","4,000,000","1,500,000","2,708,363","4,000,000","1,500,000",
209,桃園市,桃園市復興區幸福巴士彈性(站點)班次公車動態資訊服務計畫,111,"6,577,454","4,000,000","1,500,000","2,708,363",0,0,
210,桃園市,桃園市復興區幸福巴士彈性(站點)班次公車動態資訊服務計畫,112,"6,577,454","4,000,000","1,500,000","1,160,728",0,0,
211,新竹縣,V2X技術與應用強化新竹縣自駕車運行路線計畫,110,"6,000,000","5,000,000","1,000,000","1,800,000","1,500,000","300,000",創新交通科技有限公司
212,新竹縣,V2X技術與應用強化新竹縣自駕車運行路線計畫,111,"6,000,000","5,000,000","1,000,000","3,000,000","2,500,000","500,000",創新交通科技有限公司
213,新竹縣,V2X技術與應用強化新竹縣自駕車運行路線計畫,112,"6,000,000","5,000,000","1,000,000","1,200,000","1,000,000","200,000",創新交通科技有限公司
214,苗栗縣,苗栗縣觀光走廊智慧交通管理系統建置與擴充計畫(110-111年),110,"10,526,320","10,000,000","526,320","10,526,320","10,000,000","526,320",中華電信股份有限公司企業客戶分公司
215,臺中市,主要幹道智慧化動態續進號誌計畫,110,"12,000,000","9,000,000","3,000,000","12,000,000","9,000,000","3,000,000",台灣世曦工程顧問股份有限公司
216,臺中市,臺中市交通行動服務(MaaS)計畫,110,"8,330,000","7,500,000","1,330,000","8,330,000","7,500,000","1,330,000",康和資訊系統股份有限公司
217,臺中市,臺中市交通行動服務(MaaS)計畫,111,"8,330,000","7,500,000","1,330,000","8,330,000","7,500,000","1,330,000",康和資訊系統股份有限公司
218,臺中市,110年中彰投聯合交通協控計畫,110,"29,176,470","24,800,000","4,376,470","29,176,470","24,800,000","4,376,470",逢甲大學
219,臺中市,110年中彰投聯合交通協控計畫,111,"29,176,470","24,800,000","4,376,470","29,176,470","24,800,000","4,376,470",逢甲大學
220,臺中市,臺灣大道自動駕駛巴士場域車路建置及營運規劃,110,"4,305,000","3,358,000","947,000","861,000","671,600","189,400",逢甲大學
221,臺中市,臺灣大道自動駕駛巴士場域車路建置及營運規劃,111,"4,305,000","3,358,000","947,000","3,444,000","2,686,400","757,600",逢甲大學
222,雲林縣,雲林縣智慧交通控制管理系統軟硬體擴充計畫,110,"13,340,000","12,000,000","1,340,000","10,672,000","9,600,000","1,072,000",逢甲大學
223,雲林縣,雲林縣智慧交通控制管理系統軟硬體擴充計畫,111,"13,340,000","12,000,000","1,340,000","2,668,000","2,400,000","268,000",逢甲大學
224,嘉義市,嘉義市整體路網壅塞改善與交控中心升級擴充計畫(110-111 年),110,"1,480,000","1,250,000","230,000","1,184,000","1,000,000","184,000",台灣世曦工程顧問股份有限公司
225,嘉義市,嘉義市整體路網壅塞改善與交控中心升級擴充計畫(110-111 年),111,"1,480,000","1,250,000","230,000","296,000","250,000","46,000",台灣世曦工程顧問股份有限公司
226,臺南市,110~111年臺南市整合交通資訊應用服務計畫,110,"11,800,000","7,866,667","3,933,333","11,800,000","7,866,667","3,933,333",資拓宏宇股份有限公司
227,臺南市,AI影像辨識之智慧交通管理系統,110,"11,970,000","7,980,000","3,990,000","11,970,000","7,980,000","3,990,000",資拓宏宇
228,高雄市,智慧觀光綠能共享運具串聯風景點商業模式推動計畫,110,"3,530,000","3,000,000","530,000","1,059,000","900,000","159,000",遠傳電信股份有限公司系統整合分公司
229,高雄市,智慧觀光綠能共享運具串聯風景點商業模式推動計畫,111,"3,530,000","3,000,000","530,000","2,471,000","2,100,000","371,000",遠傳電信股份有限公司系統整合分公司
230,高雄市,易肇事路口防制及安全防護警示應用計畫,110,"8,001,824","6,000,000","2,001,824","2,400,547","1,800,000","600,547",三維工程顧問股份有限公司
231,高雄市,易肇事路口防制及安全防護警示應用計畫,111,"8,001,824","6,000,000","2,001,824","5,601,277","4,200,000","1,401,277",三維工程顧問股份有限公司
232,高雄市,高雄市 MaaS 服務-2.0 功能服務提升計畫,110,"44,380,000","28,550,000","15,830,000","10,368,000","8,550,000","1,818,000",中冠資訊股份有限公司
233,高雄市,高雄市 MaaS 服務-2.0 功能服務提升計畫,111,"44,380,000","28,550,000","15,830,000","17,006,000","10,000,000","7,006,000",中冠資訊股份有限公司
234,高雄市,高雄市 MaaS 服務-2.0 功能服務提升計畫,112,"44,380,000","28,550,000","15,830,000","17,006,000","10,000,000","7,006,000",中冠資訊股份有限公司
235,高雄市,大美濃生活圈幸福運輸智慧交通服務應用計畫,110,"7,500,000","5,000,000","2,500,000","5,250,000","3,500,000","1,750,000",鼎漢國際工程顧問股份有限公司
236,高雄市,大美濃生活圈幸福運輸智慧交通服務應用計畫,111,"7,500,000","5,000,000","2,500,000","2,250,000","1,500,000","750,000",鼎漢國際工程顧問股份有限公司
237,宜蘭縣,110年宜蘭縣智慧運輸系統服務躍升計畫,110,"8,888,889","8,000,000","888,889","2,666,667","2,400,000","266,667",台灣世曦工程顧問股份有限公司
238,宜蘭縣,110年宜蘭縣智慧運輸系統服務躍升計畫,111,"8,888,889","8,000,000","888,889","6,222,222","5,600,000","622,222",台灣世曦工程顧問股份有限公司
239,花蓮縣,花蓮縣智慧路網管理整合暨交通路廊改善計畫,110,"9,369,000","7,000,000","396,000","2,810,700","2,100,000","110,700",中華電信
240,花蓮縣,花蓮縣智慧路網管理整合暨交通路廊改善計畫,111,"9,369,000","7,000,000","396,000","6,558,300","4,900,000","285,300",中華電信
241,花蓮縣,花蓮公共運輸及偏鄉基本民行智慧服務管理計畫,110,"9,474,000","9,000,000","474,000","2,842,200","2,700,000","142,200",鼎漢
242,花蓮縣,花蓮公共運輸及偏鄉基本民行智慧服務管理計畫,111,"9,474,000","9,000,000","474,000","6,631,800","6,300,000","331,800",鼎漢
243,臺東縣,臺東縣智慧交通基礎建設與應用計畫(第三期),110,"12,650,000","12,000,000","650,000","3,795,000","3,600,000","195,000",水靈科技股份有限公司
244,臺東縣,臺東縣智慧交通基礎建設與應用計畫(第三期),111,"12,650,000","12,000,000","650,000","8,855,000","8,400,000","455,000",水靈科技股份有限公司
245,澎湖縣,菊島智旅平台建置與營運計畫,110,"5,270,000","5,000,000","270,000","2,898,500","2,750,000","148,500",三維工程顧問股份有限公司
246,澎湖縣,菊島智旅平台建置與營運計畫,111,"5,270,000","5,000,000","270,000","2,371,500","2,250,000","121,500",三維工程顧問股份有限公司
247,金門縣,金門縣交通控制系統建置計畫,110,"22,601,541","19,200,000","3,401,541","6,780,462","5,760,000","1,020,462",台灣世曦
248,金門縣,金門縣交通控制系統建置計畫,111,"22,601,541","19,200,000","3,401,541","11,300,771","9,600,000","1,700,771",台灣世曦
249,新竹市,大新竹聯外路廊智慧交通改善與資訊整合計畫(第2期)後續擴充,109,"35,000,000","29,750,000","5,250,000","23,100,000","19,635,000","3,465,000",中華電信股份有限公司臺灣北區電信分公司
250,連江縣,連江縣南竿鄉智慧停車管理系統建置計畫,109,,,,,,,睿能數位行動有限公司
251,高雄市,新一代智慧運輸系統建置計畫,110,"22,200,000","18,870,000","3,330,000","17,760,000","15,096,000","2,664,000",資拓宏宇國際股份有限公司
252,高雄市,新一代智慧運輸系統建置計畫,111,"22,200,000","18,870,000","3,330,000","4,440,000","3,774,000","666,000",資拓宏宇國際股份有限公司
253,新竹市,大新竹聯外路廊智慧交通改善與資訊整合計畫(第2期)後續擴充,110,"35,000,000","29,750,000","5,250,000","11,900,000","10,115,000","1,785,000",中華電信股份有限公司臺灣北區電信分公司
254,新竹市,110年度智慧運輸系統發展建設計畫-新竹市通勤路廊智慧交控計畫,110,"15,000,000","10,000,000","5,000,000","3,600,000","2,400,000","1,200,000",中華電信股份有限公司企業客戶分公司
255,連江縣,110年連江縣南竿鄉智慧停車管理系統建置計畫,110,,,,,,,睿能數位行動有限公司
256,基隆市,基隆交通AIoT戰情室系統建置計畫（109-110年）,110,"14,830,000","12,605,000","2,225,000","4,449,000","3,781,500","667,500",資拓宏宇國際股份有限公司
257,基隆市,基隆交通AIoT戰情室系統建置計畫（109-110年）,111,"14,830,000","12,605,000","2,225,000","10,381,000","8,823,500","1,557,500",資拓宏宇國際股份有限公司
258,新北市,新北市通學科技廊道改善計畫,110,"3,550,000","2,550,000","1,000,000","3,550,000","2,550,000","1,000,000",中華電信股份有限公司台灣北區電信分公司
259,桃園市,110年度智慧交通安全路口路段防護試辦計畫,110,"9,750,000","7,500,000","2,500,000","2,250,000","7,500,000","2,500,000",
260,桃園市,110年度智慧交通安全路口路段防護試辦計畫,111,"9,750,000","7,500,000","2,500,000","2,250,000",0,0,
261,桃園市,110年度智慧交通安全路口路段防護試辦計畫,112,"9,750,000","7,500,000","2,500,000","5,250,000",0,0,
262,臺東縣,TT Uber交通預約媒合平台：台東慢經濟觀光服務應用計畫,110,"7,894,739","7,500,000","394,739","7,894,739","6,000,000","315,791",小驢行股份有限公司
263,臺東縣,TT Uber交通預約媒合平台：台東慢經濟觀光服務應用計畫,111,"7,894,739","7,500,000","394,739",0,"1,500,000","78,948",小驢行股份有限公司
264,新竹縣,竹北交流道周邊智慧交通管理控制系統建置計畫,110,"28,630,000","24,328,688","4,301,312","8,589,000","7,298,606","1,290,394",創新交通科技有限公司
265,新竹縣,竹北交流道周邊智慧交通管理控制系統建置計畫,111,"28,630,000","24,328,688","4,301,312","20,041,000","17,030,082","3,010,918",創新交通科技有限公司
266,高雄市,高雄輕軌、渡輪QR Code系統建置,110,"17,810,000","15,000,000","2,810,000","17,810,000","15,000,000","2,810,000",高雄捷運股份有限公司
267,嘉義市,110嘉義市交通資訊查詢系統平台建置計畫,110,"100,000","85,000","15,000","80,000","68,000","12,000",哈瑪星科技股份有限公司
268,嘉義市,110嘉義市交通資訊查詢系統平台建置計畫,111,"100,000","85,000","15,000","20,000","17,000","3,000",哈瑪星科技股份有限公司
269,臺東縣,臺東縣智慧交通基礎建設與應用計畫(第三期),110,,,,,,,水靈科技股份有限公司
270,桃園市,110年桃園市大型車輛智慧管理辨識系統,111,"10,670,000","8,002,500","2,667,500","10,670,000","8,002,500","2,667,500",力歐新能源股份有限公司
271,臺北市,111年協助視障人士搭公車及過馬路計畫,111,"14,100,000","7,000,000","7,100,000","14,100,000","7,000,000","7,100,000",資拓宏宇股份有限公司
272,屏東縣,屏東縣自駕巴士公共接駁規劃評估案,111,"3,684,211","3,500,000","184,211","3,684,211","3,500,000","184,211",逢甲大學
273,高雄市,111-112年度新一代智慧運輸系統 設計建置計畫,111,"30,000,000","22,500,000","7,500,000","24,000,000","18,000,000","6,000,000",資拓宏宇國際股份有限公司
274,高雄市,111-112年度新一代智慧運輸系統 設計建置計畫,112,"30,000,000","22,500,000","7,500,000","6,000,000","4,500,000","1,500,000",資拓宏宇國際股份有限公司
275,桃園市,運用人工智慧改善交流道周邊交通疏導應用,111,"19,800,000","14,850,000","4,950,000","15,840,000","11,880,000","3,960,000",資拓宏宇國際股份有限公司
276,桃園市,運用人工智慧改善交流道周邊交通疏導應用,112,"19,800,000","14,850,000","4,950,000","3,960,000","2,970,000","990,000",資拓宏宇國際股份有限公司
277,桃園市,桃園市交通管理中心發展藍圖規劃委託專業服務案,111,"7,320,000","7,500,000","2,500,000","7,320,000","7,500,000","2,500,000",鼎漢國際工程顧問股份有限公司
278,高雄市,111-112年度高雄市脆弱路段智慧化號誌交控應用服務,111,"30,000,000","22,500,000","7,500,000","24,000,000","18,000,000","6,000,000",台灣世曦工程顧問股份有限公司
279,高雄市,111-112年度高雄市脆弱路段智慧化號誌交控應用服務,112,"30,000,000","22,500,000","7,500,000","6,000,000","4,500,000","1,500,000",台灣世曦工程顧問股份有限公司
280,新竹縣,新竹縣尖石鄉多元車輛共享服務及客貨共載試辦計畫,111,"9,936,316","9,300,000","636,316","6,999,474","6,510,000","489,474",鼎漢國際工程顧問股份有限公司
281,新竹縣,新竹縣尖石鄉多元車輛共享服務及客貨共載試辦計畫,112,"9,936,316","9,300,000","636,316","2,936,842","2,790,000","146,842",鼎漢國際工程顧問股份有限公司
282,新北市,111年度新北市運輸走廊整合道路交通與多元資訊應用計畫(第5期),111,"13,340,000","10,000,000","3,340,000","9,338,000","7,000,000","2,338,000",資拓宏宇國際股份有限公司
283,新竹縣,內灣地區智慧交通管理控制系統建置計畫,111,"18,850,000","16,000,000","2,850,000","5,655,000","4,800,000","855,000",創新交通科技有限公司
284,新竹縣,內灣地區智慧交通管理控制系統建置計畫,112,"18,850,000","16,000,000","2,850,000","13,195,000","11,200,000","1,995,000",創新交通科技有限公司
285,花蓮縣,花蓮縣智慧交控暨區域路網改善計畫,111,"28,422,000","27,000,000","1,422,000","5,784,400","5,500,000","284,400",中華電信股份有限公司企業客戶分公司
286,花蓮縣,花蓮縣智慧交控暨區域路網改善計畫,112,"28,422,000","27,000,000","1,422,000","22,637,600","21,500,000","1,137,600",中華電信股份有限公司企業客戶分公司
287,新北市,111年度新北市運輸走廊整合道路交通與多元資訊應用計畫(第5期),112,"13,340,000","10,000,000","3,340,000","4,002,000","3,000,000","1,002,000",資拓宏宇國際股份有限公司
288,新北市,新北市中和南勢角交通管理與整體改善計畫,111,"20,000,000","15,000,000","5,000,000","14,000,000","10,500,000","3,500,000",資拓宏宇國際股份有限公司
289,屏東縣,台1線周邊路網幹道運輸走廊壅塞改善計畫,111,"34,736,843","33,000,000","1,736,843","17,368,421","16,500,000","868,421",台灣世曦工程顧問股份有限公司
290,屏東縣,台1線周邊路網幹道運輸走廊壅塞改善計畫,112,"34,736,843","33,000,000","1,736,843","17,368,422","16,500,000","868,422",台灣世曦工程顧問股份有限公司
291,彰化縣,110年彰化縣智慧交通控制軟硬體設備擴充計畫,111,"13,890,000","12,500,000","1,390,000","13,890,000","12,500,000","1,390,000",揚立科技股份有限公司
292,臺南市,111年臺南市緊急車輛優先號誌暨運輸走廊壅塞改善計畫,111,"16,000,270","11,000,000","5,000,000","11,636,634","8,000,000","3,636,364",勤崴國際科技股份有限公司
293,臺南市,111年臺南市緊急車輛優先號誌暨運輸走廊壅塞改善計畫,112,"16,000,270","11,000,000","5,000,000","4,363,636","3,000,000","1,363,636",勤崴國際科技股份有限公司
294,桃園市,111年度智慧交通安全路口路段防護計畫,111,"16,000,000","12,000,000","4,000,000","16,000,000","12,000,000","4,000,000",遠傳電信&力歐新能源
295,苗栗縣,苗栗縣智慧交通管理系統服務躍升計畫,111,"15,789,480","55,500,000","789,480","4,736,844","45,000,000","236,844",中華電信股份有限公司企業客戶分公司
296,苗栗縣,苗栗縣智慧交通管理系統服務躍升計畫,112,"15,789,480","55,500,000","789,480","11,052,636","10,500,000","552,636",中華電信股份有限公司企業客戶分公司
297,臺南市,111年度 AI 影像辨識之智慧交通管理系統,111,"15,800,000","10,862,500","4,937,500","15,800,000","10,862,500","4,937,500",資拓宏宇股份有限公司
298,臺中市,111年度中彰投聯合交通協控計畫,111,"12,000,000","12,000,000",0,"12,000,000","12,000,000",0,逢甲大學
299,新竹市,110年度智慧運輸系統發展建設計畫-新竹市通勤路廊智慧交控計畫,111,"15,000,000","10,000,000","5,000,000","11,400,000","7,600,000","3,800,000",中華電信股份有限公司企業客戶分公司
300,新竹市,新竹市智慧運輸走廊提升計畫,111,"30,000,000","20,000,000","10,000,000","7,500,000","5,000,000","2,500,000",中華電信股份有限公司企業客戶分公司
301,新竹市,新竹市智慧運輸走廊提升計畫,112,"30,000,000","20,000,000","10,000,000","22,500,000","15,000,000","7,500,000",中華電信股份有限公司企業客戶分公司
302,臺北市,臺北市導入智慧動態號誌控制策略計畫,111,"50,000,000","25,000,000","25,000,000","50,000,000","25,000,000","25,000,000",世曦及資拓
303,臺北市,臺北市感應性號誌設置計畫,111,"26,500,000","10,000,000","16,500,000","26,500,000","10,000,000","16,500,000",資拓宏宇股份有限公司
304,新北市,新北市中和南勢角交通管理與整體改善計畫,112,"20,000,000","15,000,000","5,000,000","6,000,000","4,500,000","1,500,000",資拓宏宇國際股份有限公司
305,新北市,通學巷科技管理計畫,111,"4,000,000","3,000,000","1,000,000","4,000,000","3,000,000","1,000,000",中華電信
306,臺東縣,臺東縣智慧交通基礎建設與應用計畫 (第四期),111,"10,530,000","10,000,000","530,000","10,530,000","10,000,000","530,000",水靈科技股份有限公司
307,新北市,新北市淡海智駕電動巴士環線多車服務測試運行計畫(第二階段),111,"72,619,446","52,000,000","20,619,446","15,865,150","10,000,000","5,865,150",勤崴國際科技股份有限公司
308,新北市,新北市淡海智駕電動巴士環線多車服務測試運行計畫(第二階段),112,"72,619,446","52,000,000","20,619,446","35,535,407","23,827,500","11,707,907",勤崴國際科技股份有限公司
309,新北市,新北市淡海智駕電動巴士環線多車服務測試運行計畫(第二階段),113,"72,619,446","52,000,000","20,619,446","21,218,889","18,172,500","3,046,389",勤崴國際科技股份有限公司
310,基隆市,基隆交通AIoT戰情室系統建置計畫,111,"17,100,000","15,390,000","1,710,000","5,130,000","4,617,000","513,000",資拓宏宇國際股份有限公司
311,基隆市,基隆交通AIoT戰情室系統建置計畫,112,"17,100,000","15,390,000","1,710,000","11,970,000","10,773,000","1,197,000",資拓宏宇國際股份有限公司
312,花蓮縣,花蓮先期轉運站MaaS應用服務計畫,111,"8,422,000","8,000,000","422,000","6,737,600","6,400,000","337,600",雷門智能移動股份有限公司
313,花蓮縣,花蓮先期轉運站MaaS應用服務計畫,112,"8,422,000","8,000,000","422,000","1,684,400","1,600,000","84,400",雷門智能移動股份有限公司
314,澎湖縣,111-112年菊島智旅平台建置與營運計畫,111,"24,220,000","23,000,000","1,220,000","7,266,000","6,900,000","366,000",三維工程顧問股份有限公司/康和資訊系統股份有限公司
315,澎湖縣,111-112年菊島智旅平台建置與營運計畫,112,"24,220,000","23,000,000","1,220,000","16,954,000","16,100,000","854,000",三維工程顧問股份有限公司/康和資訊系統股份有限公司
316,雲林縣,111年雲林縣交通控制軟硬體設備擴充計畫,111,"20,000,000","18,000,000","2,000,000","11,000,000","9,900,000","1,100,000",逢甲大學先進交通管理研究中心
317,雲林縣,111年雲林縣交通控制軟硬體設備擴充計畫,112,"20,000,000","18,000,000","2,000,000","9,000,000","8,100,000","900,000",逢甲大學先進交通管理研究中心
318,彰化縣,彰化縣動態停車資訊導引系統建置,111,"9,000,000","8,000,000","1,000,000","2,700,000","2,400,000","300,000",剛鈺股份有限公司
319,彰化縣,彰化縣動態停車資訊導引系統建置,112,"9,000,000","8,000,000","1,000,000","4,500,000","4,000,000","500,000",剛鈺股份有限公司
320,彰化縣,彰化縣動態停車資訊導引系統建置,112,"9,000,000","8,000,000","1,000,000","1,800,000","1,600,000","200,000",剛鈺股份有限公司
321,臺中市,111年度臺中市交通行動服務(MaaS)平台建置計畫,111,"28,466,626","28,466,626",0,"8,539,988","8,539,988",0,康和資訊系統股份有限公司
322,臺中市,111年度臺中市交通行動服務(MaaS)平台建置計畫,112,"28,466,626","28,466,626",0,"19,926,638","19,926,638",0,康和資訊系統股份有限公司
323,嘉義縣,111年度嘉義縣智慧交通控制系統 提升計畫,111,"8,780,000","8,000,000","780,000","2,634,000","2,400,000","234,000",大揚有限電視股份有限公司
324,嘉義縣,111年度嘉義縣智慧交通控制系統 提升計畫,112,"8,780,000","8,000,000","780,000","6,146,000","5,600,000","546,000",大揚有限電視股份有限公司
325,嘉義市,111-112年嘉義市整體路網壅塞改善計畫,111,"21,190,000","17,100,000","4,090,000","6,357,000","5,130,000","1,227,000",台灣世曦工程顧問股份有限公司
326,嘉義市,111-112年嘉義市整體路網壅塞改善計畫,112,"21,190,000","17,100,000","4,090,000","14,833,000","11,970,000","2,863,000",台灣世曦工程顧問股份有限公司
327,宜蘭縣,111年宜蘭縣智慧運輸系統擴充暨重點區域交通改善計畫,111,"16,666,667","15,000,000","1,666,667","13,333,334","12,000,000","1,333,334",台灣世曦工程顧問股份有限公司
328,宜蘭縣,111年宜蘭縣智慧運輸系統擴充暨重點區域交通改善計畫,112,"16,666,667","15,000,000","1,666,667","3,333,333","3,000,000","333,333",台灣世曦工程顧問股份有限公司
329,臺東縣,TTGo交通預約媒合平台：臺東慢經濟觀光服務應用計畫,111,"37,894,738","36,000,000","1,894,738","11,368,420","10,800,000","568,420",小驢行股份有限公司
330,臺東縣,TTGo交通預約媒合平台：臺東慢經濟觀光服務應用計畫,112,"37,894,738","36,000,000","1,894,738","26,526,318","25,200,000","1,326,318",小驢行股份有限公司
331,臺中市,111年度中彰投聯合交通協控計畫(第二部分),111,"51,333,334","26,000,000","9,333,334","37,333,334","12,000,000","9,333,334",逢甲大學
332,臺中市,111年度中彰投聯合交通協控計畫(第二部分),112,"51,333,334","26,000,000","9,333,334","14,000,000","14,000,000",0,逢甲大學
333,宜蘭縣,112年宜蘭縣智慧運輸系統擴充暨重點區域交通改善計畫,112,"16,666,667","15,000,000","1,666,667","13,333,334","12,000,000","1,333,334",台灣世曦工程顧問股份有限公司
334,宜蘭縣,112年宜蘭縣智慧運輸系統擴充暨重點區域交通改善計畫,113,"16,666,667","15,000,000","1,666,667","3,333,333","3,000,000","333,333",台灣世曦工程顧問股份有限公司
335,南投縣,日月潭航線(船舶)智慧旅運服務系統規劃案,112,"3,500,000","3,150,000","350,000","2,100,000","1,890,000","210,000",逢甲大學
336,南投縣,日月潭航線(船舶)智慧旅運服務系統規劃案,113,"3,500,000","3,150,000","350,000","1,400,000","1,260,000","140,000",逢甲大學
337,屏東縣,屏東縣智慧運輸系統之觀光景區智慧交通應用服務計畫,112,"13,684,211","13,000,000","684,211","3,157,369","3,000,000","157,369",台灣世曦工程顧問股份有限公司
338,屏東縣,屏東縣智慧運輸系統之觀光景區智慧交通應用服務計畫,113,"13,684,211","13,000,000","684,211","10,526,842","10,000,000","526,842",台灣世曦工程顧問股份有限公司
339,新竹縣,112-113年大新竹通勤路廊(國道1號新竹路段) 智慧交控計畫,112,"43,000,000","34,000,000","9,000,000","7,588,236","6,000,000","1,588,236",創新交通科技有限公司
340,新竹縣,112-113年大新竹通勤路廊(國道1號新竹路段) 智慧交控計畫,113,"43,000,000","34,000,000","9,000,000","35,411,764","28,000,000","7,411,764",創新交通科技有限公司
341,桃園市,桃園 TYGO交通行動服務應用可行性研究,112,"5,000,000","3,750,000","1,250,000","1,500,000","1,125,000","375,000",鼎漢國際工程顧問股份有限公司
342,桃園市,桃園 TYGO交通行動服務應用可行性研究,113,"5,000,000","3,750,000","1,250,000","3,500,000","2,625,000","875,000",鼎漢國際工程顧問股份有限公司
343,基隆市,基隆市智慧道路計畫－道路設施數位化子計畫,112,"4,705,882","4,000,000","705,882","1,176,471","1,000,000","176,471",日陞空間資訊股份有限公司
344,基隆市,基隆市智慧道路計畫－道路設施數位化子計畫,113,"4,705,882","4,000,000","705,882","3,529,411","3,000,000","529,411",日陞空間資訊股份有限公司
345,金門縣,金門縣交通控制系統建置計畫,112,"22,601,541","19,200,000","3,401,541","4,520,308","3,840,000","680,308",台灣世曦
346,金門縣,112-113年度金門縣交通控制系統建置計畫,112,"16,500,000","14,000,000","2,500,000","2,357,143","2,000,000","357,143",台灣世曦工程顧問股份有限公司
347,金門縣,112-113年度金門縣交通控制系統建置計畫,113,"16,500,000","14,000,000","2,500,000","14,142,857","12,000,000","2,142,857",台灣世曦工程顧問股份有限公司
348,南投縣,南投縣福興溫泉專區自駕車營運規劃案,112,"3,333,334","3,000,000","333,334","1,000,000","900,000","100,000",勤崴國際科技股份有限公司
349,南投縣,南投縣福興溫泉專區自駕車營運規劃案,113,"3,333,334","3,000,000","333,334","2,333,334","2,100,000","233,334",勤崴國際科技股份有限公司
350,雲林縣,112 年度麥寮路段交控策略實作建置計畫,112,"21,000,000","18,000,000","3,000,000","2,310,000","2,000,000","310,000",逢甲大學
351,雲林縣,112 年度麥寮路段交控策略實作建置計畫,113,"21,000,000","18,000,000","3,000,000","14,490,000","12,400,000","2,090,000",逢甲大學
352,嘉義市,112~113年嘉義市導入智慧化號誌與智慧道路應用計畫,112,"20,000,000","17,000,000","3,000,000","2,400,000","2,000,000","400,000",台灣世曦工程顧問股份有限公司
353,嘉義市,112~113年嘉義市導入智慧化號誌與智慧道路應用計畫,113,"20,000,000","17,000,000","3,000,000","17,600,000","15,000,000","2,600,000",台灣世曦工程顧問股份有限公司
354,高雄市,112-113年度道路設施數位化試辦計畫,112,"5,890,000","5,000,000","890,000","1,767,000","1,500,000","267,000",鼎漢國際工程顧問股份有限公司
355,高雄市,112-113年度道路設施數位化試辦計畫,113,"5,890,000","5,000,000","890,000","4,123,000","3,500,000","623,000",鼎漢國際工程顧問股份有限公司
356,苗栗縣,苗栗縣旅遊地區交通壅塞紓解及安全提升計畫,113,"12,080,000","11,475,999","604,001","12,080,000","11,475,999","604,001",基能科技股份有限公司
357,苗栗縣,苗栗縣智慧交通管理系統服務優化與瓶頸路廊壅塞改善計畫,113,"11,950,000","11,352,465","597,535","11,950,000","11,352,465","597,535",中華電信股份有限公司企業分公司
358,高雄市,112-113年度高雄市脆弱路段智慧化號誌交控應用服務計畫,112,"35,000,000","14,000,000","21,000,000","5,000,000","2,000,000","3,000,000",台灣世曦工程顧問股份有限公司
359,高雄市,112-113年度高雄市脆弱路段智慧化號誌交控應用服務計畫,113,"35,000,000","14,000,000","21,000,000","30,000,000","12,000,000","18,000,000",台灣世曦工程顧問股份有限公司
360,高雄市,112-113年度新一代智慧運輸系統設計建置計畫,112,28500000,13000000,15500000,"8,550,000","2,000,000","6,550,000",資拓宏宇國際股份有限公司
361,高雄市,112-113年度新一代智慧運輸系統設計建置計畫,113,28500000,13000000,15500000,"19,950,000","11,000,000","8,950,000",資拓宏宇國際股份有限公司
362,高雄市,無號誌化路口安全提升計畫,112,"7,060,000","6,000,000","1,060,000","2,118,000","1,800,000","318,000",新晟光電股份有限公司
363,高雄市,無號誌化路口安全提升計畫,113,"7,060,000","6,000,000","1,060,000","4,942,000","4,200,000","742,000",新晟光電股份有限公司
364,臺南市,112 年應用 AI 影像辨識暨市道182縣道壅塞改善計畫,113,"18,710,000","27,572,632","9,847,368","16,090,600","13,786,316","4,923,684",資拓宏宇國際股份有限公司
365,臺南市,112 年應用 AI 影像辨識暨市道182縣道壅塞改善計畫,112,"18,710,000","27,572,632","9,847,368","2,619,400","13,786,316","4,923,684",資拓宏宇國際股份有限公司
366,臺東縣,臺東縣智慧交通基礎建設與應用計畫 (第五期),113,"21,060,000","20,000,000","1,060,000","21,060,000","20,000,000","1,060,000",水靈科技股份有限公司
367,臺北市,臺北市智慧影像事件偵測計畫,112,"32,000,000","16,000,000","16,000,000","10,000,000","5,000,000","5,000,000",遠傳電信股份有限公司系統整合分公司
368,臺北市,臺北市智慧影像事件偵測計畫,113,"32,000,000","16,000,000","16,000,000","22,000,000","11,000,000","11,000,000",遠傳電信股份有限公司系統整合分公司
369,臺南市,112年智慧號誌整合應用暨永康區中正南、北路路廊壅塞改善計畫,112,"21,000,000","16,000,000","5,000,000","3,937,500","3,000,000","937,500",資拓宏宇國際股份有限公司
370,臺南市,112年智慧號誌整合應用暨永康區中正南、北路路廊壅塞改善計畫,113,"21,000,000","16,000,000","5,000,000","17,062,500","13,000,000","4,062,500",資拓宏宇國際股份有限公司
371,屏東縣,113年臺1線周邊路網幹道運輸走廊壅塞改善計畫,113,"21,052,632","20,000,000","1,052,632","21,052,632","20,000,000","1,052,632",台灣世曦工程顧問股份有限公司
372,桃園市,桃園市智慧停車資訊系統計畫,113,"5,460,000","4,095,000","1,365,000","5,460,000","4,095,000","1,365,000",合祥交通工程有限公司
373,桃園市,112年度智慧交通安全路口路段防護計畫,113,"8,000,000","6,000,000","2,000,000","8,000,000","6,000,000","2,000,000",鼎漢國際工程顧問股份有限公司
374,基隆市,113年度基隆市無號誌路口提升通行 安全計畫,113,"11,764,706","10,000,000","1,764,706","11,764,706","10,000,000","1,764,706",
375,基隆市,「基隆市智慧交通行動服務生活圈」計畫,113,"4,200,000","3,570,000","630,000","4,200,000","3,570,000","630,000",
376,臺北市,聯合運輸管理平臺暨資料庫分析功能擴充及維運計畫,113,"12,300,000","3,500,000","8,800,000","12,300,000","3,500,000","8,800,000",
377,新北市,校園周邊建置非號誌化路口主動式風險感知警示系統計畫,113,"2,000,000","1,000,000","1,000,000","2,000,000","1,000,000","1,000,000",
378,桃園市,桃園市大貨車安全管理智慧平台建置計畫,113,"3,800,000","1,575,000","2,225,000","3,800,000","1,575,000","2,225,000",
379,桃園市,運用智慧交通控制系統改善路口行人安全與壅塞路段,113,"9,800,000","7,350,000","2,450,000","9,800,000","7,350,000","2,450,000",
380,苗栗縣,苗栗縣非號誌化路口交通安全提升—智慧路標建置計畫,113,"7,684,938","7,300,000","384,938","7,684,938","7,300,000","384,938",
381,臺中市,臺中市非號誌化路口智慧交通安全提升計畫,113,"10,000,000","7,500,000","2,500,000","10,000,000","7,500,000","2,500,000",
382,雲林縣,雲林縣高風險路口及行人安全防護警示應用計畫,113,"13,368,421","12,700,000","668,421","13,368,421","12,700,000","668,421",
383,嘉義市,113年嘉義市智慧安全路口建置計畫,113,"12,000,000","10,000,000","2,000,000","12,000,000","10,000,000","2,000,000",
384,嘉義縣,113年度嘉義縣智慧交通控制系統提升計畫,113,"7,780,000","6,800,000","980,000","7,780,000","6,800,000","980,000",
385,臺南市,113年臺南市緊急車輛路口優先號誌計畫,113,"7,200,000","6,120,000","1,080,000","7,200,000","6,120,000","1,080,000",
386,臺南市,臺南市非號誌化路口主動式風險感知警示系統建置計畫,113,"1,800,000","1,530,000","270,000","1,800,000","1,530,000","270,000",
387,屏東縣,113年智慧安全建設計畫,113,"7,000,000","6,650,000","350,000","7,000,000","6,650,000","350,000",
388,本部,「大型車輛裝設車輛安全設備推動計畫」成效追蹤評估計畫,106,"8,800,000",,,,,,
389,本部,交通行動服務(MaaS)示範建置計畫(106.11~107),106,"18,100,000",,,,,,
390,本部,科技應用計畫專案管理及監督審驗(106.9~107.10),106,"4,870,000",,,,,,
391,本部,研發成果智財權推廣應用與交通科技知識分享系列計畫(106年至109年),106,"2,940,000",,,,,,
392,運研所,無人飛行載具應用於海灘搜查及港區環境監視之研究,106,"5,300,000",,,,,,
393,科創科,前瞻智慧運輸發展與安全評量技術研究發展計畫(2/4),107,"4,950,000",,,,,,
394,科創科,智慧車輛法規技術諮詢與管理計畫(2/4),107,"4,950,000",,,,,,
395,科創科,智慧運輸計畫行銷宣導委託案,107,"3,460,000",,,,,,
396,運研所,交通行動服務(MaaS)示範建置計畫專案管理及監督審驗(107.10~108.12),107,"5,940,000",,,,,,
397,運研所,我國公共運輸車聯網實驗場域探討(107-108跨年度),107,"14,800,000",,,,,,
398,科創科,花東地區智慧交通便捷經營輔導計畫,108,"19,450,000",,,,,,
399,科創科,前瞻智慧運輸發展與安全評量技術研究發展計畫(3/4),108,"4,960,000",,,,,,
400,科創科,前瞻智慧運輸發展與安全評量技術研究發展計畫(4/4),109,"4,980,000",,,,,,
401,科創科,智慧交通科技產業政策前瞻及成果擴散計畫,109,"18,300,000",,,,,,
402,科創科,智慧車輛法規技術諮詢與管理計畫(3/4),108,"4,970,000",,,,,,
403,科創科,智慧車輛法規技術諮詢與管理計畫(4/4),109,"4,950,000",,,,,,
404,運研所,交通行動服務(MaaS)示範建置計畫(2/2)(108),108,"16,650,000",,,,,,
405,運研所,交通行動服務(MaaS)示範建置計畫專案管理及監督審驗(107.10~108.12),107,"5,940,000",,,,,,
406,運研所,交通行動服務(MaaS)示範建置與服務擴充計畫(108-109),108,"19,430,000",,,,,,
407,運研所,我國公共運輸車聯網實驗場域探討(107-108跨年度),107,"14,800,000",,,,,,
408,運研所,無人飛行載具應用於海灘搜查及港區環境監視之研究,106,"5,300,000",,,,,,
409,運研所,應用人工智慧(AI)技術進行交通數據蒐集系列計畫(108年至109年),108,"9,200,000",,,,,,
410,運研所,路口無人機交通攝影及衝突分析技術開發,108,"3,800,000",,,,,,
411,運資科,『運輸資料流通服務(TDX)』創新服務驗證計畫-建立數據創新育成發展環境,110,"5,900,000",,,,,,
412,運資科,『運輸資料流通服務(TDX)』創新服務驗證計畫-推動企業策略合作與試營運有價服務,110,"14,600,000",,,,,,
413,運資科,『運輸資料流通服務(TDX)』創新服務驗證計畫-提升資料治理導向之智慧政府運作效能,110,"7,760,000",,,,,,
414,運資科,『運輸資料流通服務平臺(TDX)』營運模式研究(二)-創新服務驗證計畫專案管理,110,"2,950,000",,,,,,
415,運資科,交通數位治理中心空間規劃及設備採購案,110,"480,000",,,,,,
416,運資科,交通數位治理平臺發展初探,110,"5,650,000",,,,,,
417,運資科,智慧交通大數據基礎建設及應用服務計畫(I),110,"49,800,000",,,,,,
418,科創科,智慧交通科技產業政策前瞻及成果擴散計畫,110,"18,300,000",,,,,,
419,科創科,智慧運輸社會認知探討暨推升計畫,110,"5,890,000",,,,,,
420,科創科,智慧運輸發展與車輛安全法規技術諮詢管理計畫(1/4),110,"9,950,000",,,,,,
421,運資科,跨域數據治理服務-我國智慧道路數位發展先期研究,110,"5,800,000",,,,,,
422,運資科,運輸資料流通服務平台(TDX)營運模式研究,110,"2,850,000",,,,,,
423,科創科,花東地區在地多元運輸共享服務經營輔導計畫,110,"18,650,000",,,,,,
424,科創科,2022年智慧運輸世界大會參展計畫,111,"990,000",,,,,,
425,資通安全組,交通部111年度阻斷服務攻擊(DDos)防護系統及應用程式防火牆(WAF)採購案,111,"6,570,292",,,,,,
426,資通安全組,交通部交通網路地理資訊倉儲系統(GIS-T)ArcGIS軟體採購,111,"1,850,000",,,,,,
427,運資科,我國智慧道路應用與數據服務發展策略規劃,111,"18,900,000",,,,,,
428,科創科,花東在地共享運輸輔導及偏鄉交通資源整合服務平台推動計畫,111,"27,600,000",,,,,,
429,運資科,提升「運輸資料流通服務平臺(TDX)」交通數據創新價值暨專案管理(I),111,"6,450,000",,,,,,
430,運資科,智慧交通大數據基礎建設及應用服務計畫(II),111,"48,800,000",,,,,,
431,科創科,智慧運輸發展與車輛安全法規技術諮詢管理計畫(2/4),111,"9,510,000",,,,,,
432,科創科,機車聯網協作安全與服務擴散試驗研究計畫,111,"47,165,000",,,,,,
433,科創科,國內車聯網認證暨資安憑證管理指引建立先導計畫,111,"23,600,000",,,,,,
434,科創科,淡海新市鎮智慧交通場域試驗研究二期計畫,111,"87,665,000",,,,,,
435,公運監理司,2025國內自駕車輛法規調適導入計畫委託服務案,112,"16,000,000",,,,,,
436,科創科,企業員工通勤足跡數位盤查機制研究計畫,112,"15,262,500",,,,,,
437,科創科,智慧運輸發展與車輛安全法規技術諮詢管理計畫(3/4)擴充,112,"9,150,000",,,,,,
438,科創科,機車聯網協作安全與服務擴散試驗研究計畫,112,"47,165,000",,,,,,
439,運研所,110年度交通行動服務(MaaS)縣市推廣與輔導計畫,110,"8,800,000",,,,,,
440,運研所,應用人工智慧分析技術探勘高風險路段 (1/4) -駕駛行為模式研析及車外異常事件影像辨識技術開發,110,"7,120,000",,,,,,
441,運研所,交通部無人機科技產業發展策略規劃與執行,110,"7,150,000",,,,,,
442,運研所,無人機在交通領域之創意應用競賽(II),110,"7,600,000",,,,,,
443,運研所,111年度交通行動服務(MaaS)縣市推廣與輔導計畫,111,"9,350,000",,,,,,
444,運研所,應用人工智慧技術進行交通數據蒐集暨號誌控制之研究,111,"4,200,000",,,,,,
445,運研所,無人機搭配AI影像辨識應用於橋梁檢測之研究(1/2)-橋梁劣化構件AI影像辨識之技術開發,111,"6,650,000",,,,,,
446,運研所,無人機整合示範計畫(Ⅱ)-物流運送之深化應用,111,"4,295,000",,,,,,
447,運研所,應用人工智慧分析技術探勘高風險路段(2/4)-車內異常事件影像辨識技術開發及空間分析初探,111,"3,850,000",,,,,,
448,運研所,我國人工智慧車聯網之號誌控制(1/2)-都會區幹道實作與交流道區域模式發展探討,112,"4,900,000",,,,,,
449,運研所,無人機搭配AI影像辨識應用於橋梁檢測之研究(2/2)-無人機自動化檢測架構探討,112,"6,140,000",,,,,,
450,運研所,應用人工智慧分析技術探勘高風險路段(3/4)-車內異常事件影像辨識技術開發,112,"4,790,000",,,,,,
451,運資科,智慧交通大數據基礎建設及應用服務計畫(Ⅲ),112,"99,800,000",,,,,,
452,運資科,智慧道路設施數位化平臺建置-標誌設施,112,"7,993,488",,,,,,
453,運資科,數位道路地圖於智慧交通應用之研析計畫,112,"7,900,000",,,,,,
454,運資科,TDX創新服務驗證計畫-資料治理應用與擴散輔導,112,"17,830,000",,,,,,
455,運資科,112年度TDX平臺基礎設施採購案,112,"10,440,030",,,,,,
456,科創科,智慧運輸發展與車輛安全法規技術諮詢管理計畫(4/4),113,"8,050,000",,,,,,
457,科創科,自駕公車實驗運行安全管理研析及技術諮詢服務計畫,113,"9,555,000",,,,,,
458,科創科,MaaS交通行動服務維運計畫,113,"7,728,000",,,,,,
459,運研所,科技技術應用於道路交通安全規劃委託研究計畫,113,"15,000,000",,,,,,
460,運研所,運用科技精進連續假期疏運計畫先期規劃委託研究案,113,"7,500,000",,,,,,
461,運資科,交通部113年度TDX平臺基礎設施採購案,113,"6,070,296",,,,,,
462,公路總局,使用中大型車輛設置行車視野輔助系統案,106,"50,000,000",,,,,,
463,公路總局,優化快速公路交通資訊涵蓋面,106,"91,000,000",,,,,,
464,高公局,精進北宜廊道整合式交通管理－國道5號藍芽交通資訊收集及推播系統建置,106,"30,000,000",,,,,,
465,高公局,國道替代道路即時路況資訊系統,106,"10,000,000",,,,,,
466,公路總局,遊覽車客運業車輛裝置全球衛星定位設備,106,"26,887,000",,,,,,
